ID,Year,Quarter,Location,NOC_Code,JobDetails,TotalVacancies
7,2015,1,Canada,0,Full-time,96.2
8,2015,1,Canada,00,Full-time,98.9
9,2015,1,Canada,001,Full-time,98.9
10,2015,1,Canada,0012,Full-time,98.5
11,2015,1,Canada,0013,Full-time,100.0
12,2015,1,Canada,0015,Full-time,100.0
13,2015,1,Canada,0016,Full-time,100.0
14,2015,1,Canada,01-05,Full-time,97.2
15,2015,1,Canada,011,Full-time,98.3
16,2015,1,Canada,0112,Full-time,99.2
17,2015,1,Canada,0113,Full-time,100.0
18,2015,1,Canada,0114,Full-time,99.6
19,2015,1,Canada,012,Full-time,97.6
20,2015,1,Canada,0121,Full-time,100.0
21,2015,1,Canada,0122,Full-time,100.0
22,2015,1,Canada,0125,Full-time,98.4
23,2015,1,Canada,013,Full-time,100.0
24,2015,1,Canada,0131,Full-time,100.0
25,2015,1,Canada,021,Full-time,99.8
26,2015,1,Canada,0213,Full-time,100.0
27,2015,1,Canada,041,Full-time,100.0
28,2015,1,Canada,0412,Full-time,100.0
29,2015,1,Canada,0414,Full-time,100.0
30,2015,1,Canada,0421,Full-time,99.0
31,2015,1,Canada,0512,Full-time,100.0
32,2015,1,Canada,060,Full-time,100.0
33,2015,1,Canada,0601,Full-time,100.0
34,2015,1,Canada,07-09,Full-time,99.0
35,2015,1,Canada,071,Full-time,98.5
36,2015,1,Canada,0711,Full-time,99.7
37,2015,1,Canada,081,Full-time,100.0
38,2015,1,Canada,0811,Full-time,100.0
39,2015,1,Canada,082,Full-time,100.0
40,2015,1,Canada,0821,Full-time,100.0
41,2015,1,Canada,091,Full-time,100.0
42,2015,1,Canada,0911,Full-time,100.0
43,2015,1,Canada,0912,Full-time,100.0
44,2015,1,Canada,1,"Type of work, all types",21.35
45,2015,1,Canada,1,Full-time,81.3
46,2015,1,Canada,1,"Minimum level of education required, all levels",21.35
47,2015,1,Canada,1,"Certification requirement, all types",21.35
48,2015,1,Canada,1,"Minimum experience level sought, all levels",21.35
49,2015,1,Canada,1,"Duration of job vacancy, all durations",21.35
50,2015,1,Canada,1,"Type of position, all types",21.35
51,2015,1,Canada,1112,Full-time,100.0
52,2015,1,Canada,1114,Full-time,98.9
53,2015,1,Canada,1121,Full-time,96.5
54,2015,1,Canada,1122,Full-time,98.7
55,2015,1,Canada,121,Full-time,98.5
56,2015,1,Canada,1215,Full-time,99.3
57,2015,1,Canada,1223,Full-time,99.3
58,2015,1,Canada,1225,Full-time,98.4
59,2015,1,Canada,1227,Full-time,100.0
60,2015,1,Canada,1314,Full-time,100.0
61,2015,1,Canada,1432,Full-time,97.0
62,2015,1,Canada,211,Full-time,100.0
63,2015,1,Canada,2111,Full-time,100.0
64,2015,1,Canada,2112,Full-time,100.0
65,2015,1,Canada,2113,Full-time,100.0
66,2015,1,Canada,2115,Full-time,100.0
67,2015,1,Canada,2122,Full-time,100.0
68,2015,1,Canada,2123,Full-time,100.0
69,2015,1,Canada,213,Full-time,100.0
70,2015,1,Canada,2131,Full-time,100.0
71,2015,1,Canada,2132,Full-time,100.0
72,2015,1,Canada,2133,Full-time,100.0
73,2015,1,Canada,2134,Full-time,100.0
74,2015,1,Canada,2141,Full-time,100.0
75,2015,1,Canada,2142,Full-time,100.0
76,2015,1,Canada,2143,Full-time,100.0
77,2015,1,Canada,2144,Full-time,100.0
78,2015,1,Canada,2146,Full-time,100.0
79,2015,1,Canada,2148,Full-time,100.0
80,2015,1,Canada,2153,Full-time,100.0
81,2015,1,Canada,216,Full-time,100.0
82,2015,1,Canada,2161,Full-time,100.0
83,2015,1,Canada,2171,Full-time,99.9
84,2015,1,Canada,2173,Full-time,100.0
85,2015,1,Canada,2175,Full-time,99.7
86,2015,1,Canada,22,Full-time,94.5
87,2015,1,Canada,221,Full-time,97.9
88,2015,1,Canada,2211,Full-time,97.6
89,2015,1,Canada,2212,Full-time,98.4
90,2015,1,Canada,2221,Full-time,100.0
91,2015,1,Canada,2231,Full-time,100.0
92,2015,1,Canada,2232,Full-time,100.0
93,2015,1,Canada,2233,Full-time,100.0
94,2015,1,Canada,2241,Full-time,98.6
95,2015,1,Canada,2243,Full-time,100.0
96,2015,1,Canada,2244,Full-time,100.0
97,2015,1,Canada,2251,Full-time,99.2
98,2015,1,Canada,2252,Full-time,100.0
99,2015,1,Canada,2261,Full-time,100.0
100,2015,1,Canada,2272,Full-time,100.0
101,2015,1,Canada,2274,Full-time,100.0
102,2015,1,Canada,228,Full-time,95.6
103,2015,1,Canada,2281,Full-time,97.7
104,2015,1,Canada,2283,Full-time,100.0
105,2015,1,Canada,3223,Full-time,100.0
106,2015,1,Canada,4112,Full-time,98.2
107,2015,1,Canada,4161,Full-time,100.0
108,2015,1,Canada,4162,Full-time,100.0
109,2015,1,Canada,4163,Full-time,98.3
110,2015,1,Canada,5121,Full-time,99.4
111,2015,1,Canada,5122,Full-time,98.2
112,2015,1,Canada,5125,Full-time,100.0
113,2015,1,Canada,5131,Full-time,100.0
114,2015,1,Canada,5222,Full-time,100.0
115,2015,1,Canada,5222,Less than 15 days,100.0
116,2015,1,Canada,5223,Full-time,100.0
117,2015,1,Canada,5242,Full-time,100.0
118,2015,1,Canada,6,"Type of work, all types",13.0
119,2015,1,Canada,6,"Minimum level of education required, all levels",13.0
120,2015,1,Canada,6,"Certification requirement, all types",13.0
121,2015,1,Canada,6,"Minimum experience level sought, all levels",13.0
122,2015,1,Canada,6,"Duration of job vacancy, all durations",13.0
123,2015,1,Canada,6,"Type of position, all types",13.0
124,2015,1,Canada,6231,Full-time,100.0
125,2015,1,Canada,63,"Type of work, all types",13.75
126,2015,1,Canada,63,"Minimum level of education required, all levels",13.75
127,2015,1,Canada,63,"Certification requirement, all types",13.75
128,2015,1,Canada,63,"Minimum experience level sought, all levels",13.75
129,2015,1,Canada,63,"Duration of job vacancy, all durations",13.75
130,2015,1,Canada,63,"Type of position, all types",13.75
131,2015,1,Canada,6312,Full-time,100.0
132,2015,1,Canada,6345,Full-time,100.0
133,2015,1,Canada,65,"Type of work, all types",12.4
134,2015,1,Canada,65,"Minimum level of education required, all levels",12.4
135,2015,1,Canada,65,"Certification requirement, all types",12.4
136,2015,1,Canada,65,"Minimum experience level sought, all levels",12.4
137,2015,1,Canada,65,"Duration of job vacancy, all durations",12.4
138,2015,1,Canada,65,"Type of position, all types",12.4
139,2015,1,Canada,6531,Full-time,100.0
140,2015,1,Canada,67,"Type of work, all types",12.15
141,2015,1,Canada,67,"Minimum level of education required, all levels",12.15
142,2015,1,Canada,67,"Certification requirement, all types",12.15
143,2015,1,Canada,67,"Minimum experience level sought, all levels",12.15
144,2015,1,Canada,67,"Duration of job vacancy, all durations",12.15
145,2015,1,Canada,67,"Type of position, all types",12.15
146,2015,1,Canada,7,"Type of work, all types",21.4
147,2015,1,Canada,7,Full-time,90.3
148,2015,1,Canada,7,"Minimum level of education required, all levels",21.4
149,2015,1,Canada,7,"Certification requirement, all types",21.4
150,2015,1,Canada,7,"Minimum experience level sought, all levels",21.4
151,2015,1,Canada,7,"Duration of job vacancy, all durations",21.4
152,2015,1,Canada,7,"Type of position, all types",21.4
153,2015,1,Canada,72,Full-time,97.9
154,2015,1,Canada,720,Full-time,99.3
155,2015,1,Canada,7202,Full-time,100.0
156,2015,1,Canada,7203,Full-time,100.0
157,2015,1,Canada,7204,Full-time,100.0
158,2015,1,Canada,7205,Full-time,100.0
159,2015,1,Canada,723,Full-time,99.5
160,2015,1,Canada,7231,Full-time,100.0
161,2015,1,Canada,7232,Full-time,100.0
162,2015,1,Canada,7233,Full-time,100.0
163,2015,1,Canada,7235,Full-time,100.0
164,2015,1,Canada,7236,Full-time,100.0
165,2015,1,Canada,7237,Full-time,99.0
166,2015,1,Canada,7244,Full-time,100.0
167,2015,1,Canada,7245,Full-time,100.0
168,2015,1,Canada,7246,Full-time,100.0
169,2015,1,Canada,725,Full-time,98.9
170,2015,1,Canada,7251,Full-time,99.5
171,2015,1,Canada,727,Full-time,99.0
172,2015,1,Canada,7271,Full-time,98.8
173,2015,1,Canada,7272,Full-time,100.0
174,2015,1,Canada,7282,Full-time,100.0
175,2015,1,Canada,729,Full-time,98.0
176,2015,1,Canada,7291,Full-time,100.0
177,2015,1,Canada,7292,Full-time,100.0
178,2015,1,Canada,73,Full-time,97.4
179,2015,1,Canada,730,Full-time,98.8
180,2015,1,Canada,7301,Full-time,100.0
181,2015,1,Canada,7302,Full-time,100.0
182,2015,1,Canada,731,Full-time,98.3
183,2015,1,Canada,7312,Full-time,99.8
184,2015,1,Canada,7315,Full-time,100.0
185,2015,1,Canada,733,Full-time,100.0
186,2015,1,Canada,7332,Full-time,100.0
187,2015,1,Canada,7333,Full-time,100.0
188,2015,1,Canada,7334,Full-time,100.0
189,2015,1,Canada,7335,Full-time,100.0
190,2015,1,Canada,737,Full-time,100.0
191,2015,1,Canada,738,Full-time,100.0
192,2015,1,Canada,7381,Full-time,100.0
193,2015,1,Canada,7384,Full-time,100.0
194,2015,1,Canada,744,Full-time,97.4
195,2015,1,Canada,7442,Full-time,100.0
196,2015,1,Canada,7444,Full-time,100.0
197,2015,1,Canada,822,Full-time,100.0
198,2015,1,Canada,823,Full-time,100.0
199,2015,1,Canada,8231,Full-time,100.0
200,2015,1,Canada,8232,Full-time,100.0
201,2015,1,Canada,8252,Full-time,99.1
202,2015,1,Canada,8614,Full-time,100.0
203,2015,1,Canada,8615,Full-time,100.0
204,2015,1,Canada,92,Full-time,98.6
205,2015,1,Canada,921,Full-time,99.2
206,2015,1,Canada,9211,Full-time,100.0
207,2015,1,Canada,9212,Full-time,100.0
208,2015,1,Canada,9214,Full-time,100.0
209,2015,1,Canada,9215,Full-time,100.0
210,2015,1,Canada,922,Full-time,100.0
211,2015,1,Canada,9221,Full-time,100.0
212,2015,1,Canada,9226,Full-time,100.0
213,2015,1,Canada,923,Full-time,100.0
214,2015,1,Canada,9231,Full-time,100.0
215,2015,1,Canada,9232,Full-time,100.0
216,2015,1,Canada,924,Full-time,96.5
217,2015,1,Canada,9243,Full-time,100.0
218,2015,1,Canada,9411,Full-time,100.0
219,2015,1,Canada,9412,Full-time,100.0
220,2015,1,Canada,9414,Full-time,100.0
221,2015,1,Canada,9417,Full-time,100.0
222,2015,1,Canada,9418,Full-time,100.0
223,2015,1,Canada,942,Full-time,100.0
224,2015,1,Canada,9421,Full-time,100.0
225,2015,1,Canada,9422,Full-time,100.0
226,2015,1,Canada,9423,Full-time,100.0
227,2015,1,Canada,943,Full-time,100.0
228,2015,1,Canada,9435,Full-time,100.0
229,2015,1,Canada,9437,Full-time,100.0
230,2015,1,Canada,9446,Full-time,100.0
231,2015,1,Canada,952,Full-time,99.1
232,2015,1,Canada,9522,Full-time,100.0
233,2015,1,Canada,9524,Full-time,100.0
234,2015,1,Canada,9525,Full-time,100.0
235,2015,1,Canada,9526,Full-time,100.0
236,2015,1,Canada,9532,Full-time,100.0
237,2015,1,Canada,9534,Full-time,100.0
238,2015,1,Canada,9619,Full-time,96.2
239,2015,1,Nova Scotia,01-05,Full-time,100.0
240,2015,1,Nova Scotia,011,Full-time,100.0
241,2015,1,Nova Scotia,0111,Full-time,100.0
242,2015,1,Nova Scotia,012,Full-time,100.0
243,2015,1,Nova Scotia,021,Full-time,100.0
244,2015,1,Nova Scotia,0213,Full-time,100.0
245,2015,1,Nova Scotia,063,Full-time,100.0
246,2015,1,Nova Scotia,07-09,Full-time,100.0
247,2015,1,Nova Scotia,071,Full-time,100.0
248,2015,1,Nova Scotia,0714,Full-time,100.0
249,2015,1,Nova Scotia,091,Full-time,100.0
250,2015,1,Nova Scotia,0911,Full-time,100.0
251,2015,1,Nova Scotia,11,Full-time,100.0
252,2015,1,Nova Scotia,111,Full-time,100.0
253,2015,1,Nova Scotia,112,Full-time,100.0
254,2015,1,Nova Scotia,1123,Full-time,100.0
255,2015,1,Nova Scotia,121,Full-time,100.0
256,2015,1,Nova Scotia,122,Full-time,100.0
