ID,NOC_Code,NOC_Desc
0,0,Management occupations 
1,00,Senior management occupations 
2,001,Legislators and senior management 
3,0012,Senior government managers and officials 
4,0013,"Senior managers - financial, communications and other business services "
5,0015,"Senior managers - trade, broadcasting and other services, not elsewhere classified (n.e.c.) "
6,0016,"Senior managers - construction, transportation, production and utilities "
7,01-05,Specialized middle management occupations 
8,011,Administrative services managers 
9,0112,Human resources managers 
10,0113,Purchasing managers 
11,0114,Other administrative services managers 
12,012,Managers in financial and business services 
13,0121,"Insurance, real estate and financial brokerage managers "
14,0122,"Banking, credit and other investment managers "
15,0125,Other business services managers 
16,013,Managers in communication (except broadcasting) 
17,0131,Telecommunication carriers managers 
18,021,"Managers in engineering, architecture, science and information systems "
19,0213,Computer and information systems managers 
20,041,Managers in public administration 
21,0412,"Government managers - economic analysis, policy development and program administration "
22,0414,Other managers in public administration 
23,0421,Administrators - post-secondary education and vocational training 
24,0512,"Managers - publishing, motion pictures, broadcasting and performing arts "
25,060,Corporate sales managers 
26,0601,Corporate sales managers 
27,07-09,"Middle management occupations in trades, transportation, production and utilities "
28,071,Managers in construction and facility operation and maintenance 
29,0711,Construction managers 
30,081,Managers in natural resources production and fishing 
31,0811,Managers in natural resources production and fishing 
32,082,"Managers in agriculture, horticulture and aquaculture "
33,0821,Managers in agriculture 
34,091,Managers in manufacturing and utilities 
35,0911,Manufacturing managers 
36,0912,Utilities managers 
37,1,"Business, finance and administration occupations "
38,1112,Financial and investment analysts 
39,1114,Other financial officers 
40,1121,Human resources professionals 
41,1122,Professional occupations in business management consulting 
42,121,Administrative services supervisors 
43,1215,"Supervisors, supply chain, tracking and scheduling co-ordination occupations "
44,1223,Human resources and recruitment officers 
45,1225,Purchasing agents and officers 
46,1227,Court officers and justices of the peace 
47,1314,"Assessors, valuators and appraisers "
48,1432,Payroll administrators 
49,211,Physical science professionals 
50,2111,Physicists and astronomers 
51,2112,Chemists 
52,2113,Geoscientists and oceanographers 
53,2115,Other professional occupations in physical sciences 
54,2122,Forestry professionals 
55,2123,"Agricultural representatives, consultants and specialists "
56,213,"Civil, mechanical, electrical and chemical engineers "
57,2131,Civil engineers 
58,2132,Mechanical engineers 
59,2133,Electrical and electronics engineers 
60,2134,Chemical engineers 
61,2141,Industrial and manufacturing engineers 
62,2142,Metallurgical and materials engineers 
63,2143,Mining engineers 
64,2144,Geological engineers 
65,2146,Aerospace engineers 
66,2148,"Other professional engineers, not elsewhere classified (n.e.c.) "
67,2153,Urban and land use planners 
68,216,"Mathematicians, statisticians and actuaries "
69,2161,"Mathematicians, statisticians and actuaries "
70,2171,Information systems analysts and consultants 
71,2173,Software engineers and designers 
72,2175,Web designers and developers 
73,22,Technical occupations related to natural and applied sciences 
74,221,Technical occupations in physical sciences 
75,2211,Chemical technologists and technicians 
76,2212,Geological and mineral technologists and technicians 
77,2221,Biological technologists and technicians 
78,2231,Civil engineering technologists and technicians 
79,2232,Mechanical engineering technologists and technicians 
80,2233,Industrial engineering and manufacturing technologists and technicians 
81,2241,Electrical and electronics engineering technologists and technicians 
82,2243,Industrial instrument technicians and mechanics 
83,2244,"Aircraft instrument, electrical and avionics mechanics, technicians and inspectors "
84,2251,Architectural technologists and technicians 
85,2252,Industrial designers 
86,2261,Non-destructive testers and inspection technicians 
87,2272,Air traffic controllers and related occupations 
88,2274,"Engineer officers, water transport "
89,228,Technical occupations in computer and information systems 
90,2281,Computer network technicians 
91,2283,Information systems testing technicians 
92,3223,"Dental technologists, technicians and laboratory assistants "
93,4112,Lawyers and Quebec notaries 
94,4161,"Natural and applied science policy researchers, consultants and program officers "
95,4162,Economists and economic policy researchers and analysts 
96,4163,Business development officers and marketing researchers and consultants 
97,5121,Authors and writers 
98,5122,Editors 
99,5125,"Translators, terminologists and interpreters "
100,5131,"Producers, directors, choreographers and related occupations "
101,5222,Film and video camera operators 
102,5223,Graphic arts technicians 
103,5242,Interior designers and interior decorators 
104,6,Sales and service occupations 
105,6231,Insurance agents and brokers 
106,63,Service supervisors and specialized service occupations 
107,6312,Executive housekeepers 
108,6345,Upholsterers 
109,65,Service representatives and other customer and personal services occupations 
110,6531,Tour and travel guides 
111,67,"Service support and other service occupations, not elsewhere classified (n.e.c.) "
112,7,"Trades, transport and equipment operators and related occupations "
113,72,"Industrial, electrical and construction trades "
114,720,"Contractors and supervisors, industrial, electrical and construction trades and related workers "
115,7202,"Contractors and supervisors, electrical trades and telecommunications occupations "
116,7203,"Contractors and supervisors, pipefitting trades "
117,7204,"Contractors and supervisors, carpentry trades "
118,7205,"Contractors and supervisors, other construction trades, installers, repairers and servicers "
119,723,"Machining, metal forming, shaping and erecting trades "
120,7231,Machinists and machining and tooling inspectors 
121,7232,Tool and die makers 
122,7233,Sheet metal workers 
123,7235,Structural metal and platework fabricators and fitters 
124,7236,Ironworkers 
125,7237,Welders and related machine operators 
126,7244,Electrical power line and cable workers 
127,7245,Telecommunications line and cable workers 
128,7246,Telecommunications installation and repair workers 
129,725,"Plumbers, pipefitters and gas fitters "
130,7251,Plumbers 
131,727,Carpenters and cabinetmakers 
132,7271,Carpenters 
133,7272,Cabinetmakers 
134,7282,Concrete finishers 
135,729,Other construction trades 
136,7291,Roofers and shinglers 
137,7292,Glaziers 
138,73,Maintenance and equipment operation trades 
139,730,"Contractors and supervisors, maintenance trades and heavy equipment and transport operators "
140,7301,"Contractors and supervisors, mechanic trades "
141,7302,"Contractors and supervisors, heavy equipment operator crews "
142,731,Machinery and transportation equipment mechanics (except motor vehicles) 
143,7312,Heavy-duty equipment mechanics 
144,7315,Aircraft mechanics and aircraft inspectors 
145,733,Other mechanics and related repairers 
146,7332,Appliance servicers and repairers 
147,7333,Electrical mechanics 
148,7334,"Motorcycle, all-terrain vehicle and other related mechanics "
149,7335,Other small engine and small equipment repairers 
150,737,"Crane operators, drillers and blasters "
151,738,"Printing press operators and other trades and related occupations, not elsewhere classified (n.e.c.) "
152,7381,Printing press operators 
153,7384,"Other trades and related occupations, not elsewhere classified (n.e.c.) "
154,744,"Other installers, repairers and servicers "
155,7442,Waterworks and gas maintenance workers 
156,7444,Pest controllers and fumigators 
157,822,"Contractors and supervisors, mining, oil and gas "
158,823,"Underground miners, oil and gas drillers and related occupations "
159,8231,Underground production and development miners 
160,8232,"Oil and gas well drillers, servicers, testers and related workers "
161,8252,"Agricultural service contractors, farm supervisors and specialized livestock workers "
162,8614,Mine labourers 
163,8615,"Oil and gas drilling, servicing and related labourers "
164,92,"Processing, manufacturing and utilities supervisors and central control operators "
165,921,"Supervisors, processing and manufacturing occupations "
166,9211,"Supervisors, mineral and metal processing "
167,9212,"Supervisors, petroleum, gas and chemical processing and utilities "
168,9214,"Supervisors, plastic and rubber products manufacturing "
169,9215,"Supervisors, forest products processing "
170,922,"Supervisors, assembly and fabrication "
171,9221,"Supervisors, motor vehicle assembling "
172,9226,"Supervisors, other mechanical and metal products manufacturing "
173,923,Central control and process operators in processing and manufacturing 
174,9231,"Central control and process operators, mineral and metal processing "
175,9232,"Central control and process operators, petroleum, gas and chemical processing "
176,924,Utilities equipment operators and controllers 
177,9243,Water and waste treatment plant operators 
178,9411,"Machine operators, mineral and metal processing "
179,9412,Foundry workers 
180,9414,"Concrete, clay and stone forming operators "
181,9417,Machining tool operators 
182,9418,Other metal products machine operators 
183,942,"Machine operators and related workers in chemical, plastic and rubber processing "
184,9421,Chemical plant machine operators 
185,9422,Plastics processing machine operators 
186,9423,Rubber processing machine operators and related workers 
187,943,Machine operators and related workers in pulp and paper production and wood processing and manufacturing 
188,9435,Paper converting machine operators 
189,9437,Woodworking machine operators 
190,9446,Industrial sewing machine operators 
191,952,"Mechanical, electrical and electronics assemblers "
192,9522,"Motor vehicle assemblers, inspectors and testers "
193,9524,"Assemblers and inspectors, electrical appliance, apparatus and equipment manufacturing "
194,9525,"Assemblers, fabricators and inspectors, industrial electrical motors and transformers "
195,9526,Mechanical assemblers and inspectors 
196,9532,Furniture and fixture assemblers and inspectors 
197,9534,Furniture finishers and refinishers 
198,9619,"Other labourers in processing, manufacturing and utilities "
199,0111,Financial managers 
200,063,Managers in food service and accommodation 
201,0714,Facility operation and maintenance managers 
202,11,Professional occupations in business and finance 
203,111,"Auditors, accountants and investment professionals "
204,112,Human resources and business service professionals 
205,1123,"Professional occupations in advertising, marketing and public relations "
206,122,Administrative and regulatory occupations 
207,143,"Financial, insurance and related administrative support workers "
208,1431,Accounting and related clerks 
209,21,Professional occupations in natural and applied sciences 
210,217,Computer and information systems professionals 
211,223,"Technical occupations in civil, mechanical and industrial engineering "
212,51,Professional occupations in art and culture 
213,724,Electrical trades and electrical power line and telecommunications workers 
214,732,Automotive service technicians 
215,7321,"Automotive service technicians, truck and bus mechanics and mechanical repairers "
216,06,Middle management occupations in retail and wholesale trade and customer services 
217,2,Natural and applied sciences and related occupations 
218,2174,Computer programmers and interactive media developers 
219,416,"Policy and program researchers, consultants and officers "
220,44,"Care providers and educational, legal and public protection support occupations "
221,631,Service supervisors 
222,9,Occupations in manufacturing and utilities 
223,94,Processing and manufacturing machine operators and related production workers 
224,0124,"Advertising, marketing and public relations managers "
225,0212,Architecture and science managers 
226,0411,Government managers - health and social policy development and program administration 
227,042,Managers in education and social and community services 
228,0423,"Managers in social, community and correctional services "
229,062,Retail and wholesale trade managers 
230,0621,Retail and wholesale trade managers 
231,073,Managers in transportation 
232,0731,Managers in transportation 
233,1111,Financial auditors and accountants 
234,12,Administrative and financial supervisors and administrative occupations 
235,1212,"Supervisors, finance and insurance office workers "
236,13,"Finance, insurance and related business administrative occupations "
237,131,"Finance, insurance and related business administrative occupations "
238,1311,Accounting technicians and bookkeepers 
239,1312,Insurance adjusters and claims examiners 
240,14,Office support occupations 
241,1415,Personnel clerks 
242,1435,Collectors 
243,15,"Distribution, tracking and scheduling co-ordination occupations "
244,151,Mail and message distribution occupations 
245,1522,Storekeepers and partspersons 
246,212,Life science professionals 
247,215,"Architects, urban planners and land surveyors "
248,222,Technical occupations in life sciences 
249,2225,Landscape and horticulture technicians and specialists 
