,Ref_Date,Location,JobDetails,AvgWage,NOC_Code
0,2015-04,Canada,"Type of work, all types",24100.0,0
1,2015-04,Canada,"Type of work, all types",33.05,0
2,2015-04,Canada,Full-time,23030.0,0
3,2015-04,Canada,Full-time,95.6,0
4,2015-04,Canada,Full-time,33.45,0
5,2015-04,Canada,Part-time,1065.0,0
6,2015-04,Canada,Part-time,4.4,0
7,2015-04,Canada,Part-time,24.0,0
8,2015-04,Canada,"Minimum level of education required, all levels",24100.0,0
9,2015-04,Canada,"Minimum level of education required, all levels",33.05,0
10,2015-04,Canada,No minimum level of education required,17.15,0
11,2015-04,Canada,High school diploma or equivalent,4430.0,0
12,2015-04,Canada,High school diploma or equivalent,18.4,0
13,2015-04,Canada,High school diploma or equivalent,18.55,0
14,2015-04,Canada,Non-university certificate or diploma,4605.0,0
15,2015-04,Canada,Non-university certificate or diploma,19.1,0
16,2015-04,Canada,Non-university certificate or diploma,29.1,0
17,2015-04,Canada,"Trade certificate or diploma, or apprenticeship certificate",1010.0,0
18,2015-04,Canada,"Trade certificate or diploma, or apprenticeship certificate",4.2,0
19,2015-04,Canada,"Trade certificate or diploma, or apprenticeship certificate",30.35,0
20,2015-04,Canada,"College, CEGEP and other non-university certificate or diploma",3595.0,0
21,2015-04,Canada,"College, CEGEP and other non-university certificate or diploma",14.9,0
22,2015-04,Canada,"College, CEGEP and other non-university certificate or diploma",28.75,0
23,2015-04,Canada,University certificate or diploma below bachelor's level,2285.0,0
24,2015-04,Canada,University certificate or diploma below bachelor's level,9.5,0
25,2015-04,Canada,University certificate or diploma below bachelor's level,34.05,0
26,2015-04,Canada,Bachelor's degree,8355.0,0
27,2015-04,Canada,Bachelor's degree,34.7,0
28,2015-04,Canada,Bachelor's degree,43.2,0
29,2015-04,Canada,"University certificate, diploma or degree above the bachelor's level",1825.0,0
30,2015-04,Canada,"University certificate, diploma or degree above the bachelor's level",7.6,0
31,2015-04,Canada,"University certificate, diploma or degree above the bachelor's level",52.9,0
32,2015-04,Canada,"Certification requirement, all types",24100.0,0
33,2015-04,Canada,"Certification requirement, all types",33.05,0
34,2015-04,Canada,A professional or other type of certification is required,5920.0,0
35,2015-04,Canada,A professional or other type of certification is required,24.6,0
36,2015-04,Canada,A professional or other type of certification is required,42.5,0
37,2015-04,Canada,No professional or other type of certification required,18180.0,0
38,2015-04,Canada,No professional or other type of certification required,75.4,0
39,2015-04,Canada,No professional or other type of certification required,29.95,0
40,2015-04,Canada,"Minimum experience level sought, all levels",24100.0,0
41,2015-04,Canada,"Minimum experience level sought, all levels",33.05,0
42,2015-04,Canada,Less than 1 year,14.6,0
43,2015-04,Canada,Less than 1 year,18.9,0
44,2015-04,Canada,1 year to less than 3 years,5575.0,0
45,2015-04,Canada,1 year to less than 3 years,23.1,0
46,2015-04,Canada,1 year to less than 3 years,20.0,0
47,2015-04,Canada,3 years to less than 5 years,3755.0,0
48,2015-04,Canada,3 years to less than 5 years,15.6,0
49,2015-04,Canada,3 years to less than 5 years,28.75,0
50,2015-04,Canada,5 years to less than 8 years,6745.0,0
51,2015-04,Canada,5 years to less than 8 years,28.0,0
52,2015-04,Canada,5 years to less than 8 years,39.45,0
53,2015-04,Canada,8 years or more,4510.0,0
54,2015-04,Canada,8 years or more,18.7,0
55,2015-04,Canada,8 years or more,54.2,0
56,2015-04,Canada,"Duration of job vacancy, all durations",24100.0,0
57,2015-04,Canada,"Duration of job vacancy, all durations",33.05,0
58,2015-04,Canada,Less than 15 days,5245.0,0
59,2015-04,Canada,Less than 15 days,21.8,0
60,2015-04,Canada,Less than 15 days,31.15,0
61,2015-04,Canada,15 to 29 days,5070.0,0
62,2015-04,Canada,15 to 29 days,21.0,0
63,2015-04,Canada,15 to 29 days,34.3,0
64,2015-04,Canada,30 to 59 days,5025.0,0
65,2015-04,Canada,30 to 59 days,20.9,0
66,2015-04,Canada,30 to 59 days,34.85,0
67,2015-04,Canada,60 to 89 days,2640.0,0
68,2015-04,Canada,60 to 89 days,11.0,0
69,2015-04,Canada,60 to 89 days,37.05,0
70,2015-04,Canada,90 days or more,3955.0,0
71,2015-04,Canada,90 days or more,16.4,0
72,2015-04,Canada,90 days or more,36.35,0
73,2015-04,Canada,"Type of position, all types",24100.0,0
74,2015-04,Canada,"Type of position, all types",33.05,0
75,2015-04,Canada,Permanent,21195.0,0
76,2015-04,Canada,Permanent,88.0,0
77,2015-04,Canada,Permanent,34.7,0
78,2015-04,Canada,Temporary (seasonal and non-seasonal),21.05,0
79,2015-04,Canada,Seasonal,69.5,0
80,2015-04,Canada,Seasonal,15.3,0
81,2015-04,Canada,"Recruitment strategies, all types",24100.0,0
82,2015-04,Canada,"Personal contacts, referrals, informal networks",16720.0,0
83,2015-04,Canada,"Personal contacts, referrals, informal networks",69.4,0
84,2015-04,Canada,"Posting a ""help-wanted"" sign on the storefront of the location",4380.0,0
85,2015-04,Canada,"Posting a ""help-wanted"" sign on the storefront of the location",18.2,0
86,2015-04,Canada,Company website,17250.0,0
87,2015-04,Canada,Company website,71.6,0
88,2015-04,Canada,Online job boards,18310.0,0
89,2015-04,Canada,Online job boards,76.0,0
90,2015-04,Canada,Social media,11060.0,0
91,2015-04,Canada,Social media,45.9,0
92,2015-04,Canada,"Job or recruitment fairs at schools, colleges or universities",3125.0,0
93,2015-04,Canada,"Job or recruitment fairs at schools, colleges or universities",13.0,0
94,2015-04,Canada,Government employment centre or website,4120.0,0
95,2015-04,Canada,Government employment centre or website,17.1,0
96,2015-04,Canada,"Professional networking, headhunters or employment agency",6985.0,0
97,2015-04,Canada,"Professional networking, headhunters or employment agency",29.0,0
98,2015-04,Canada,Newspaper ads,3645.0,0
99,2015-04,Canada,Newspaper ads,15.1,0
100,2015-04,Canada,Other recruitment strategies,1065.0,0
101,2015-04,Canada,Other recruitment strategies,4.4,0
102,2015-04,Canada,"Type of work, all types",850.0,00
103,2015-04,Canada,"Type of work, all types",61.4,00
104,2015-04,Canada,Full-time,825.0,00
105,2015-04,Canada,Full-time,97.4,00
106,2015-04,Canada,Full-time,62.4,00
107,2015-04,Canada,Part-time,23.35,00
108,2015-04,Canada,"Minimum level of education required, all levels",850.0,00
109,2015-04,Canada,"Minimum level of education required, all levels",61.4,00
110,2015-04,Canada,No minimum level of education required,58.65,00
111,2015-04,Canada,Non-university certificate or diploma,31.1,00
112,2015-04,Canada,"College, CEGEP and other non-university certificate or diploma",65.0,00
113,2015-04,Canada,"College, CEGEP and other non-university certificate or diploma",7.9,00
114,2015-04,Canada,"College, CEGEP and other non-university certificate or diploma",33.45,00
115,2015-04,Canada,University certificate or diploma below bachelor's level,52.3,00
116,2015-04,Canada,Bachelor's degree,410.0,00
117,2015-04,Canada,Bachelor's degree,48.4,00
118,2015-04,Canada,Bachelor's degree,60.7,00
119,2015-04,Canada,"University certificate, diploma or degree above the bachelor's level",26.5,00
120,2015-04,Canada,"University certificate, diploma or degree above the bachelor's level",82.25,00
121,2015-04,Canada,"Certification requirement, all types",850.0,00
122,2015-04,Canada,"Certification requirement, all types",61.4,00
123,2015-04,Canada,A professional or other type of certification is required,335.0,00
124,2015-04,Canada,A professional or other type of certification is required,39.6,00
125,2015-04,Canada,A professional or other type of certification is required,69.95,00
126,2015-04,Canada,No professional or other type of certification required,515.0,00
127,2015-04,Canada,No professional or other type of certification required,60.4,00
128,2015-04,Canada,No professional or other type of certification required,55.8,00
129,2015-04,Canada,"Minimum experience level sought, all levels",850.0,00
130,2015-04,Canada,"Minimum experience level sought, all levels",61.4,00
131,2015-04,Canada,1 year to less than 3 years,38.45,00
132,2015-04,Canada,3 years to less than 5 years,34.8,00
133,2015-04,Canada,5 years to less than 8 years,240.0,00
134,2015-04,Canada,5 years to less than 8 years,28.6,00
135,2015-04,Canada,5 years to less than 8 years,62.7,00
136,2015-04,Canada,8 years or more,425.0,00
137,2015-04,Canada,8 years or more,50.3,00
138,2015-04,Canada,8 years or more,71.0,00
139,2015-04,Canada,"Duration of job vacancy, all durations",850.0,00
140,2015-04,Canada,"Duration of job vacancy, all durations",61.4,00
141,2015-04,Canada,Less than 15 days,150.0,00
142,2015-04,Canada,Less than 15 days,17.6,00
143,2015-04,Canada,Less than 15 days,46.5,00
144,2015-04,Canada,15 to 29 days,26.4,00
145,2015-04,Canada,15 to 29 days,54.3,00
146,2015-04,Canada,30 to 59 days,130.0,00
147,2015-04,Canada,30 to 59 days,15.6,00
148,2015-04,Canada,30 to 59 days,63.2,00
149,2015-04,Canada,60 to 89 days,81.5,00
150,2015-04,Canada,90 days or more,165.0,00
151,2015-04,Canada,90 days or more,19.6,00
152,2015-04,Canada,90 days or more,64.85,00
153,2015-04,Canada,Constantly recruiting,68.25,00
154,2015-04,Canada,"Type of position, all types",850.0,00
155,2015-04,Canada,"Type of position, all types",61.4,00
156,2015-04,Canada,Permanent,815.0,00
157,2015-04,Canada,Permanent,96.3,00
158,2015-04,Canada,Permanent,62.2,00
159,2015-04,Canada,Temporary (seasonal and non-seasonal),40.2,00
160,2015-04,Canada,Seasonal,36.35,00
161,2015-04,Canada,"Recruitment strategies, all types",850.0,00
162,2015-04,Canada,"Personal contacts, referrals, informal networks",450.0,00
163,2015-04,Canada,"Personal contacts, referrals, informal networks",53.3,00
164,2015-04,Canada,Company website,490.0,00
165,2015-04,Canada,Company website,57.8,00
166,2015-04,Canada,Online job boards,475.0,00
167,2015-04,Canada,Online job boards,56.1,00
168,2015-04,Canada,Social media,270.0,00
169,2015-04,Canada,Social media,31.8,00
170,2015-04,Canada,Government employment centre or website,70.0,00
171,2015-04,Canada,Government employment centre or website,8.1,00
172,2015-04,Canada,"Professional networking, headhunters or employment agency",460.0,00
173,2015-04,Canada,"Professional networking, headhunters or employment agency",54.3,00
174,2015-04,Canada,Newspaper ads,95.0,00
175,2015-04,Canada,Newspaper ads,11.0,00
176,2015-04,Canada,Other recruitment strategies,60.0,00
177,2015-04,Canada,Other recruitment strategies,7.3,00
178,2015-04,Canada,"Type of work, all types",850.0,001
179,2015-04,Canada,"Type of work, all types",61.4,001
180,2015-04,Canada,Full-time,825.0,001
181,2015-04,Canada,Full-time,97.4,001
182,2015-04,Canada,Full-time,62.4,001
183,2015-04,Canada,Part-time,23.35,001
184,2015-04,Canada,"Minimum level of education required, all levels",850.0,001
185,2015-04,Canada,"Minimum level of education required, all levels",61.4,001
186,2015-04,Canada,No minimum level of education required,58.65,001
187,2015-04,Canada,Non-university certificate or diploma,31.1,001
188,2015-04,Canada,"College, CEGEP and other non-university certificate or diploma",65.0,001
189,2015-04,Canada,"College, CEGEP and other non-university certificate or diploma",7.9,001
190,2015-04,Canada,"College, CEGEP and other non-university certificate or diploma",33.45,001
191,2015-04,Canada,University certificate or diploma below bachelor's level,52.3,001
192,2015-04,Canada,Bachelor's degree,410.0,001
193,2015-04,Canada,Bachelor's degree,48.4,001
194,2015-04,Canada,Bachelor's degree,60.7,001
195,2015-04,Canada,"University certificate, diploma or degree above the bachelor's level",26.5,001
196,2015-04,Canada,"University certificate, diploma or degree above the bachelor's level",82.25,001
197,2015-04,Canada,"Certification requirement, all types",850.0,001
198,2015-04,Canada,"Certification requirement, all types",61.4,001
199,2015-04,Canada,A professional or other type of certification is required,335.0,001
200,2015-04,Canada,A professional or other type of certification is required,39.6,001
201,2015-04,Canada,A professional or other type of certification is required,69.95,001
202,2015-04,Canada,No professional or other type of certification required,515.0,001
203,2015-04,Canada,No professional or other type of certification required,60.4,001
204,2015-04,Canada,No professional or other type of certification required,55.8,001
205,2015-04,Canada,"Minimum experience level sought, all levels",850.0,001
206,2015-04,Canada,"Minimum experience level sought, all levels",61.4,001
207,2015-04,Canada,1 year to less than 3 years,38.45,001
208,2015-04,Canada,3 years to less than 5 years,34.8,001
209,2015-04,Canada,5 years to less than 8 years,240.0,001
210,2015-04,Canada,5 years to less than 8 years,28.6,001
211,2015-04,Canada,5 years to less than 8 years,62.7,001
212,2015-04,Canada,8 years or more,425.0,001
213,2015-04,Canada,8 years or more,50.3,001
214,2015-04,Canada,8 years or more,71.0,001
215,2015-04,Canada,"Duration of job vacancy, all durations",850.0,001
216,2015-04,Canada,"Duration of job vacancy, all durations",61.4,001
217,2015-04,Canada,Less than 15 days,150.0,001
218,2015-04,Canada,Less than 15 days,17.6,001
219,2015-04,Canada,Less than 15 days,46.5,001
220,2015-04,Canada,15 to 29 days,26.4,001
221,2015-04,Canada,15 to 29 days,54.3,001
222,2015-04,Canada,30 to 59 days,130.0,001
223,2015-04,Canada,30 to 59 days,15.6,001
224,2015-04,Canada,30 to 59 days,63.2,001
225,2015-04,Canada,60 to 89 days,81.5,001
226,2015-04,Canada,90 days or more,165.0,001
227,2015-04,Canada,90 days or more,19.6,001
228,2015-04,Canada,90 days or more,64.85,001
229,2015-04,Canada,Constantly recruiting,68.25,001
230,2015-04,Canada,"Type of position, all types",850.0,001
231,2015-04,Canada,"Type of position, all types",61.4,001
232,2015-04,Canada,Permanent,815.0,001
233,2015-04,Canada,Permanent,96.3,001
234,2015-04,Canada,Permanent,62.2,001
235,2015-04,Canada,Temporary (seasonal and non-seasonal),40.2,001
236,2015-04,Canada,Seasonal,36.35,001
237,2015-04,Canada,"Recruitment strategies, all types",850.0,001
238,2015-04,Canada,"Personal contacts, referrals, informal networks",450.0,001
239,2015-04,Canada,"Personal contacts, referrals, informal networks",53.3,001
240,2015-04,Canada,Company website,490.0,001
241,2015-04,Canada,Company website,57.8,001
242,2015-04,Canada,Online job boards,475.0,001
243,2015-04,Canada,Online job boards,56.1,001
244,2015-04,Canada,Social media,270.0,001
245,2015-04,Canada,Social media,31.8,001
246,2015-04,Canada,Government employment centre or website,70.0,001
247,2015-04,Canada,Government employment centre or website,8.1,001
248,2015-04,Canada,"Professional networking, headhunters or employment agency",460.0,001
249,2015-04,Canada,"Professional networking, headhunters or employment agency",54.3,001
