,NOC_Desc,NOC_Code
0,Management occupations ,0
1,Senior management occupations ,00
2,Legislators and senior management ,001
3,Legislators ,0011
4,Senior government managers and officials ,0012
5,"Senior managers - financial, communications and other business services ",0013
6,"Senior managers - health, education, social and community services and membership organizations ",0014
7,"Senior managers - trade, broadcasting and other services, not elsewhere classified (n.e.c.) ",0015
8,"Senior managers - construction, transportation, production and utilities ",0016
9,Specialized middle management occupations ,01-05
10,Administrative services managers ,011
11,Financial managers ,0111
12,Human resources managers ,0112
13,Purchasing managers ,0113
14,Other administrative services managers ,0114
15,Managers in financial and business services ,012
16,"Insurance, real estate and financial brokerage managers ",0121
17,"Banking, credit and other investment managers ",0122
18,"Advertising, marketing and public relations managers ",0124
19,Other business services managers ,0125
20,Managers in communication (except broadcasting) ,013
21,Telecommunication carriers managers ,0131
22,Postal and courier services managers ,0132
23,"Managers in engineering, architecture, science and information systems ",021
24,Engineering managers ,0211
25,Architecture and science managers ,0212
26,Computer and information systems managers ,0213
27,Managers in health care ,031
28,Managers in health care ,0311
29,Managers in public administration ,041
30,Government managers - health and social policy development and program administration ,0411
31,"Government managers - economic analysis, policy development and program administration ",0412
32,Government managers - education policy development and program administration ,0413
33,Other managers in public administration ,0414
34,Managers in education and social and community services ,042
35,Administrators - post-secondary education and vocational training ,0421
36,School principals and administrators of elementary and secondary education ,0422
37,"Managers in social, community and correctional services ",0423
38,Managers in public protection services ,043
39,Fire chiefs and senior firefighting officers ,0432
40,"Managers in art, culture, recreation and sport ",051
41,"Library, archive, museum and art gallery managers ",0511
42,"Managers - publishing, motion pictures, broadcasting and performing arts ",0512
43,"Recreation, sports and fitness program and service directors ",0513
44,Middle management occupations in retail and wholesale trade and customer services ,06
45,Corporate sales managers ,060
46,Corporate sales managers ,0601
47,Retail and wholesale trade managers ,062
48,Retail and wholesale trade managers ,0621
49,Managers in food service and accommodation ,063
50,Restaurant and food service managers ,0631
51,Accommodation service managers ,0632
52,"Managers in customer and personal services, not elsewhere classified (n.e.c.) ",065
53,"Managers in customer and personal services, not elsewhere classified (n.e.c.) ",0651
54,"Middle management occupations in trades, transportation, production and utilities ",07-09
55,Managers in construction and facility operation and maintenance ,071
56,Construction managers ,0711
57,Home building and renovation managers ,0712
58,Facility operation and maintenance managers ,0714
59,Managers in transportation ,073
60,Managers in transportation ,0731
61,Managers in natural resources production and fishing ,081
62,Managers in natural resources production and fishing ,0811
63,"Managers in agriculture, horticulture and aquaculture ",082
64,Managers in agriculture ,0821
65,Managers in aquaculture ,0823
66,Managers in manufacturing and utilities ,091
67,Manufacturing managers ,0911
68,Utilities managers ,0912
69,"Business, finance and administration occupations ",1
70,Professional occupations in business and finance ,11
71,"Auditors, accountants and investment professionals ",111
72,Financial auditors and accountants ,1111
73,Financial and investment analysts ,1112
74,"Securities agents, investment dealers and brokers ",1113
75,Other financial officers ,1114
76,Human resources and business service professionals ,112
77,Human resources professionals ,1121
78,Professional occupations in business management consulting ,1122
79,"Professional occupations in advertising, marketing and public relations ",1123
80,Administrative and financial supervisors and administrative occupations ,12
81,Administrative services supervisors ,121
82,"Supervisors, general office and administrative support workers ",1211
83,"Supervisors, finance and insurance office workers ",1212
84,"Supervisors, library, correspondence and related information workers ",1213
85,"Supervisors, supply chain, tracking and scheduling co-ordination occupations ",1215
86,Administrative and regulatory occupations ,122
87,Administrative officers ,1221
88,Executive assistants ,1222
89,Human resources and recruitment officers ,1223
90,Property administrators ,1224
91,Purchasing agents and officers ,1225
92,Conference and event planners ,1226
93,"Office administrative assistants - general, legal and medical ",124
94,Administrative assistants ,1241
95,Legal administrative assistants ,1242
96,Medical administrative assistants ,1243
97,"Court reporters, transcriptionists, records management technicians and statistical officers ",125
98,"Court reporters, medical transcriptionists and related occupations ",1251
99,Health information management occupations ,1252
100,Records management technicians ,1253
101,Statistical officers and related research support occupations ,1254
102,"Finance, insurance and related business administrative occupations ",13
103,"Finance, insurance and related business administrative occupations ",131
104,Accounting technicians and bookkeepers ,1311
105,Insurance adjusters and claims examiners ,1312
106,Insurance underwriters ,1313
107,"Assessors, valuators and appraisers ",1314
108,Office support occupations ,14
109,General office workers ,141
110,General office support workers ,1411
111,Receptionists ,1414
112,Personnel clerks ,1415
113,Office equipment operators ,142
114,Data entry clerks ,1422
115,Desktop publishing operators and related occupations ,1423
116,"Financial, insurance and related administrative support workers ",143
117,Accounting and related clerks ,1431
118,Payroll administrators ,1432
119,"Banking, insurance and other financial clerks ",1434
120,Collectors ,1435
121,"Library, correspondence and other clerks ",145
122,Library assistants and clerks ,1451
123,"Correspondence, publication and regulatory clerks ",1452
124,Survey interviewers and statistical clerks ,1454
125,"Distribution, tracking and scheduling co-ordination occupations ",15
126,Mail and message distribution occupations ,151
127,"Mail, postal and related workers ",1511
128,"Couriers, messengers and door-to-door distributors ",1513
129,"Supply chain logistics, tracking and scheduling co-ordination occupations ",152
130,Shippers and receivers ,1521
131,Storekeepers and partspersons ,1522
132,Production logistics co-ordinators ,1523
133,Purchasing and inventory control workers ,1524
134,Dispatchers ,1525
135,Natural and applied sciences and related occupations ,2
136,Professional occupations in natural and applied sciences ,21
137,Physical science professionals ,211
138,Physicists and astronomers ,2111
139,Chemists ,2112
140,Geoscientists and oceanographers ,2113
141,Other professional occupations in physical sciences ,2115
142,Life science professionals ,212
143,Biologists and related scientists ,2121
144,Forestry professionals ,2122
145,"Agricultural representatives, consultants and specialists ",2123
146,"Civil, mechanical, electrical and chemical engineers ",213
147,Civil engineers ,2131
148,Mechanical engineers ,2132
149,Electrical and electronics engineers ,2133
150,Chemical engineers ,2134
151,Other engineers ,214
152,Industrial and manufacturing engineers ,2141
153,Metallurgical and materials engineers ,2142
154,Mining engineers ,2143
155,Geological engineers ,2144
156,Petroleum engineers ,2145
157,Aerospace engineers ,2146
158,Computer engineers (except software engineers and designers) ,2147
159,"Other professional engineers, not elsewhere classified (n.e.c.) ",2148
160,"Architects, urban planners and land surveyors ",215
161,Architects ,2151
162,Urban and land use planners ,2153
163,Land surveyors ,2154
164,"Mathematicians, statisticians and actuaries ",216
165,"Mathematicians, statisticians and actuaries ",2161
166,Computer and information systems professionals ,217
167,Information systems analysts and consultants ,2171
168,Database analysts and data administrators ,2172
169,Software engineers and designers ,2173
170,Computer programmers and interactive media developers ,2174
171,Web designers and developers ,2175
172,Technical occupations related to natural and applied sciences ,22
173,Technical occupations in physical sciences ,221
174,Chemical technologists and technicians ,2211
175,Geological and mineral technologists and technicians ,2212
176,Technical occupations in life sciences ,222
177,Biological technologists and technicians ,2221
178,Forestry technologists and technicians ,2223
179,Conservation and fishery officers ,2224
180,Landscape and horticulture technicians and specialists ,2225
181,"Technical occupations in civil, mechanical and industrial engineering ",223
182,Civil engineering technologists and technicians ,2231
183,Mechanical engineering technologists and technicians ,2232
184,Industrial engineering and manufacturing technologists and technicians ,2233
185,Construction estimators ,2234
186,Technical occupations in electronics and electrical engineering ,224
187,Electrical and electronics engineering technologists and technicians ,2241
188,Electronic service technicians (household and business equipment) ,2242
189,Industrial instrument technicians and mechanics ,2243
190,"Aircraft instrument, electrical and avionics mechanics, technicians and inspectors ",2244
191,"Technical occupations in architecture, drafting, surveying, geomatics and meteorology ",225
192,Architectural technologists and technicians ,2251
193,Industrial designers ,2252
194,Drafting technologists and technicians ,2253
195,Land survey technologists and technicians ,2254
196,Technical occupations in geomatics and meteorology ,2255
197,Other technical inspectors and regulatory officers ,226
198,Non-destructive testers and inspection technicians ,2261
199,Engineering inspectors and regulatory officers ,2262
200,Inspectors in public and environmental health and occupational health and safety ,2263
201,Construction inspectors ,2264
202,Transportation officers and controllers ,227
203,"Air pilots, flight engineers and flying instructors ",2271
204,"Deck officers, water transport ",2273
205,Technical occupations in computer and information systems ,228
206,Computer network technicians ,2281
207,User support technicians ,2282
208,Information systems testing technicians ,2283
209,Health occupations ,3
210,Professional occupations in nursing ,30
211,Professional occupations in nursing ,301
212,Nursing co-ordinators and supervisors ,3011
213,Registered nurses and registered psychiatric nurses ,3012
214,Professional occupations in health (except nursing) ,31
215,"Physicians, dentists and veterinarians ",311
216,Specialist physicians ,3111
217,General practitioners and family physicians ,3112
218,Dentists ,3113
219,Veterinarians ,3114
220,"Optometrists, chiropractors and other health diagnosing and treating professionals ",312
221,Allied primary health practitioners ,3124
222,Other professional occupations in health diagnosing and treating ,3125
223,"Pharmacists, dietitians and nutritionists ",313
224,Pharmacists ,3131
225,Dietitians and nutritionists ,3132
226,Therapy and assessment professionals ,314
227,Audiologists and speech-language pathologists ,3141
228,Physiotherapists ,3142
229,Occupational therapists ,3143
230,Other professional occupations in therapy and assessment ,3144
231,Technical occupations in health ,32
232,Medical technologists and technicians (except dental health) ,321
233,Medical laboratory technologists ,3211
234,Medical laboratory technicians and pathologists' assistants ,3212
235,Animal health technologists and veterinary technicians ,3213
236,"Respiratory therapists, clinical perfusionists and cardiopulmonary technologists ",3214
237,Medical radiation technologists ,3215
238,Medical sonographers ,3216
239,"Cardiology technologists and electrophysiological diagnostic technologists, not elsewhere classified (n.e.c.) ",3217
240,Other medical technologists and technicians (except dental health) ,3219
241,Technical occupations in dental health care ,322
242,Dental hygienists and dental therapists ,3222
243,"Dental technologists, technicians and laboratory assistants ",3223
244,Other technical occupations in health care ,323
245,Opticians ,3231
246,Licensed practical nurses ,3233
247,Paramedical occupations ,3234
248,Massage therapists ,3236
249,Other technical occupations in therapy and assessment ,3237
